shift,quality worker experience,model,number custom options,market,plant,defect
morning,vhigh,Pegasus,2,US,London,no
morning,vhigh,Pegasus,2,US,Sheffield,no
morning,vhigh,Pegasus,2,US,Bristol,no
morning,vhigh,Pegasus,2,EU,London,no
morning,vhigh,Pegasus,2,EU,Sheffield,no
morning,vhigh,Pegasus,2,EU,Bristol,no
morning,vhigh,Pegasus,2,LatAm,London,no
morning,vhigh,Pegasus,2,LatAm,Sheffield,no
morning,vhigh,Pegasus,2,LatAm,Bristol,no
morning,vhigh,Pegasus,4,US,London,no
morning,vhigh,Pegasus,4,US,Sheffield,no
morning,vhigh,Pegasus,4,US,Bristol,no
morning,vhigh,Pegasus,4,EU,London,no
morning,vhigh,Pegasus,4,EU,Sheffield,no
morning,vhigh,Pegasus,4,EU,Bristol,no
morning,vhigh,Pegasus,4,LatAm,London,no
morning,vhigh,Pegasus,4,LatAm,Sheffield,no
morning,vhigh,Pegasus,4,LatAm,Bristol,no
morning,vhigh,Pegasus,more,US,London,no
morning,vhigh,Pegasus,more,US,Sheffield,no
morning,vhigh,Pegasus,more,US,Bristol,no
morning,vhigh,Pegasus,more,EU,London,no
morning,vhigh,Pegasus,more,EU,Sheffield,no
morning,vhigh,Pegasus,more,EU,Bristol,no
morning,vhigh,Pegasus,more,LatAm,London,no
morning,vhigh,Pegasus,more,LatAm,Sheffield,no
morning,vhigh,Pegasus,more,LatAm,Bristol,no
morning,vhigh,Cricket,2,US,London,no
morning,vhigh,Cricket,2,US,Sheffield,no
morning,vhigh,Cricket,2,US,Bristol,no
morning,vhigh,Cricket,2,EU,London,no
morning,vhigh,Cricket,2,EU,Sheffield,no
morning,vhigh,Cricket,2,EU,Bristol,no
morning,vhigh,Cricket,2,LatAm,London,no
morning,vhigh,Cricket,2,LatAm,Sheffield,no
morning,vhigh,Cricket,2,LatAm,Bristol,no
morning,vhigh,Cricket,4,US,London,no
morning,vhigh,Cricket,4,US,Sheffield,no
morning,vhigh,Cricket,4,US,Bristol,no
morning,vhigh,Cricket,4,EU,London,no
morning,vhigh,Cricket,4,EU,Sheffield,no
morning,vhigh,Cricket,4,EU,Bristol,no
morning,vhigh,Cricket,4,LatAm,London,no
morning,vhigh,Cricket,4,LatAm,Sheffield,no
morning,vhigh,Cricket,4,LatAm,Bristol,no
morning,vhigh,Cricket,more,US,London,no
morning,vhigh,Cricket,more,US,Sheffield,no
morning,vhigh,Cricket,more,US,Bristol,no
morning,vhigh,Cricket,more,EU,London,no
morning,vhigh,Cricket,more,EU,Sheffield,no
morning,vhigh,Cricket,more,EU,Bristol,no
morning,vhigh,Cricket,more,LatAm,London,no
morning,vhigh,Cricket,more,LatAm,Sheffield,no
morning,vhigh,Cricket,more,LatAm,Bristol,no
morning,vhigh,Sasquatch,2,US,London,no
morning,vhigh,Sasquatch,2,US,Sheffield,no
morning,vhigh,Sasquatch,2,US,Bristol,no
morning,vhigh,Sasquatch,2,EU,London,no
morning,vhigh,Sasquatch,2,EU,Sheffield,no
morning,vhigh,Sasquatch,2,EU,Bristol,no
morning,vhigh,Sasquatch,2,LatAm,London,no
morning,vhigh,Sasquatch,2,LatAm,Sheffield,no
morning,vhigh,Sasquatch,2,LatAm,Bristol,no
morning,vhigh,Sasquatch,4,US,London,no
morning,vhigh,Sasquatch,4,US,Sheffield,no
morning,vhigh,Sasquatch,4,US,Bristol,no
morning,vhigh,Sasquatch,4,EU,London,no
morning,vhigh,Sasquatch,4,EU,Sheffield,no
morning,vhigh,Sasquatch,4,EU,Bristol,no
morning,vhigh,Sasquatch,4,LatAm,London,no
morning,vhigh,Sasquatch,4,LatAm,Sheffield,no
morning,vhigh,Sasquatch,4,LatAm,Bristol,no
morning,vhigh,Sasquatch,more,US,London,no
morning,vhigh,Sasquatch,more,US,Sheffield,no
morning,vhigh,Sasquatch,more,US,Bristol,no
morning,vhigh,Sasquatch,more,EU,London,no
morning,vhigh,Sasquatch,more,EU,Sheffield,no
morning,vhigh,Sasquatch,more,EU,Bristol,no
morning,vhigh,Sasquatch,more,LatAm,London,no
morning,vhigh,Sasquatch,more,LatAm,Sheffield,no
morning,vhigh,Sasquatch,more,LatAm,Bristol,no
morning,vhigh,BigTime,2,US,London,no
morning,vhigh,BigTime,2,US,Sheffield,no
morning,vhigh,BigTime,2,US,Bristol,no
morning,vhigh,BigTime,2,EU,London,no
morning,vhigh,BigTime,2,EU,Sheffield,no
morning,vhigh,BigTime,2,EU,Bristol,no
morning,vhigh,BigTime,2,LatAm,London,no
morning,vhigh,BigTime,2,LatAm,Sheffield,no
morning,vhigh,BigTime,2,LatAm,Bristol,no
morning,vhigh,BigTime,4,US,London,no
morning,vhigh,BigTime,4,US,Sheffield,no
morning,vhigh,BigTime,4,US,Bristol,no
morning,vhigh,BigTime,4,EU,London,no
morning,vhigh,BigTime,4,EU,Sheffield,no
morning,vhigh,BigTime,4,EU,Bristol,no
morning,vhigh,BigTime,4,LatAm,London,no
morning,vhigh,BigTime,4,LatAm,Sheffield,no
morning,vhigh,BigTime,4,LatAm,Bristol,no
morning,vhigh,BigTime,more,US,London,no
morning,vhigh,BigTime,more,US,Sheffield,no
morning,vhigh,BigTime,more,US,Bristol,no
morning,vhigh,BigTime,more,EU,London,no
morning,vhigh,BigTime,more,EU,Sheffield,no
morning,vhigh,BigTime,more,EU,Bristol,no
morning,vhigh,BigTime,more,LatAm,London,no
morning,vhigh,BigTime,more,LatAm,Sheffield,no
morning,vhigh,BigTime,more,LatAm,Bristol,no
morning,high,Pegasus,2,US,London,no
morning,high,Pegasus,2,US,Sheffield,no
morning,high,Pegasus,2,US,Bristol,no
morning,high,Pegasus,2,EU,London,no
morning,high,Pegasus,2,EU,Sheffield,no
morning,high,Pegasus,2,EU,Bristol,no
morning,high,Pegasus,2,LatAm,London,no
morning,high,Pegasus,2,LatAm,Sheffield,no
morning,high,Pegasus,2,LatAm,Bristol,no
morning,high,Pegasus,4,US,London,no
morning,high,Pegasus,4,US,Sheffield,no
morning,high,Pegasus,4,US,Bristol,no
morning,high,Pegasus,4,EU,London,no
morning,high,Pegasus,4,EU,Sheffield,no
morning,high,Pegasus,4,EU,Bristol,no
morning,high,Pegasus,4,LatAm,London,no
morning,high,Pegasus,4,LatAm,Sheffield,no
morning,high,Pegasus,4,LatAm,Bristol,no
morning,high,Pegasus,more,US,London,no
morning,high,Pegasus,more,US,Sheffield,no
morning,high,Pegasus,more,US,Bristol,no
morning,high,Pegasus,more,EU,London,no
morning,high,Pegasus,more,EU,Sheffield,no
morning,high,Pegasus,more,EU,Bristol,no
morning,high,Pegasus,more,LatAm,London,no
morning,high,Pegasus,more,LatAm,Sheffield,no
morning,high,Pegasus,more,LatAm,Bristol,no
morning,high,Cricket,2,US,London,no
morning,high,Cricket,2,US,Sheffield,no
morning,high,Cricket,2,US,Bristol,no
morning,high,Cricket,2,EU,London,no
morning,high,Cricket,2,EU,Sheffield,no
morning,high,Cricket,2,EU,Bristol,no
morning,high,Cricket,2,LatAm,London,no
morning,high,Cricket,2,LatAm,Sheffield,no
morning,high,Cricket,2,LatAm,Bristol,no
morning,high,Cricket,4,US,London,no
morning,high,Cricket,4,US,Sheffield,no
morning,high,Cricket,4,US,Bristol,no
morning,high,Cricket,4,EU,London,no
morning,high,Cricket,4,EU,Sheffield,no
morning,high,Cricket,4,EU,Bristol,no
morning,high,Cricket,4,LatAm,London,no
morning,high,Cricket,4,LatAm,Sheffield,no
morning,high,Cricket,4,LatAm,Bristol,no
morning,high,Cricket,more,US,London,no
morning,high,Cricket,more,US,Sheffield,no
morning,high,Cricket,more,US,Bristol,no
morning,high,Cricket,more,EU,London,no
morning,high,Cricket,more,EU,Sheffield,no
morning,high,Cricket,more,EU,Bristol,no
morning,high,Cricket,more,LatAm,London,no
morning,high,Cricket,more,LatAm,Sheffield,no
morning,high,Cricket,more,LatAm,Bristol,no
morning,high,Sasquatch,2,US,London,no
morning,high,Sasquatch,2,US,Sheffield,no
morning,high,Sasquatch,2,US,Bristol,no
morning,high,Sasquatch,2,EU,London,no
morning,high,Sasquatch,2,EU,Sheffield,no
morning,high,Sasquatch,2,EU,Bristol,no
morning,high,Sasquatch,2,LatAm,London,no
morning,high,Sasquatch,2,LatAm,Sheffield,no
morning,high,Sasquatch,2,LatAm,Bristol,no
morning,high,Sasquatch,4,US,London,no
morning,high,Sasquatch,4,US,Sheffield,no
morning,high,Sasquatch,4,US,Bristol,no
morning,high,Sasquatch,4,EU,London,no
morning,high,Sasquatch,4,EU,Sheffield,no
morning,high,Sasquatch,4,EU,Bristol,no
morning,high,Sasquatch,4,LatAm,London,no
morning,high,Sasquatch,4,LatAm,Sheffield,no
morning,high,Sasquatch,4,LatAm,Bristol,no
morning,high,Sasquatch,more,US,London,no
morning,high,Sasquatch,more,US,Sheffield,no
morning,high,Sasquatch,more,US,Bristol,no
morning,high,Sasquatch,more,EU,London,no
morning,high,Sasquatch,more,EU,Sheffield,no
morning,high,Sasquatch,more,EU,Bristol,no
morning,high,Sasquatch,more,LatAm,London,no
morning,high,Sasquatch,more,LatAm,Sheffield,no
morning,high,Sasquatch,more,LatAm,Bristol,no
morning,high,BigTime,2,US,London,no
morning,high,BigTime,2,US,Sheffield,no
morning,high,BigTime,2,US,Bristol,no
morning,high,BigTime,2,EU,London,no
morning,high,BigTime,2,EU,Sheffield,no
morning,high,BigTime,2,EU,Bristol,no
morning,high,BigTime,2,LatAm,London,no
morning,high,BigTime,2,LatAm,Sheffield,no
morning,high,BigTime,2,LatAm,Bristol,no
morning,high,BigTime,4,US,London,no
morning,high,BigTime,4,US,Sheffield,no
morning,high,BigTime,4,US,Bristol,no
morning,high,BigTime,4,EU,London,no
morning,high,BigTime,4,EU,Sheffield,no
morning,high,BigTime,4,EU,Bristol,no
morning,high,BigTime,4,LatAm,London,no
morning,high,BigTime,4,LatAm,Sheffield,no
morning,high,BigTime,4,LatAm,Bristol,no
morning,high,BigTime,more,US,London,no
morning,high,BigTime,more,US,Sheffield,no
morning,high,BigTime,more,US,Bristol,no
morning,high,BigTime,more,EU,London,no
morning,high,BigTime,more,EU,Sheffield,no
morning,high,BigTime,more,EU,Bristol,no
morning,high,BigTime,more,LatAm,London,no
morning,high,BigTime,more,LatAm,Sheffield,no
morning,high,BigTime,more,LatAm,Bristol,no
morning,med,Pegasus,2,US,London,no
morning,med,Pegasus,2,US,Sheffield,no
morning,med,Pegasus,2,US,Bristol,no
morning,med,Pegasus,2,EU,London,no
morning,med,Pegasus,2,EU,Sheffield,no
morning,med,Pegasus,2,EU,Bristol,no
morning,med,Pegasus,2,LatAm,London,no
morning,med,Pegasus,2,LatAm,Sheffield,no
morning,med,Pegasus,2,LatAm,Bristol,no
morning,med,Pegasus,4,US,London,no
morning,med,Pegasus,4,US,Sheffield,no
morning,med,Pegasus,4,US,Bristol,many
morning,med,Pegasus,4,EU,London,no
morning,med,Pegasus,4,EU,Sheffield,no
morning,med,Pegasus,4,EU,Bristol,many
morning,med,Pegasus,4,LatAm,London,no
morning,med,Pegasus,4,LatAm,Sheffield,many
morning,med,Pegasus,4,LatAm,Bristol,many
morning,med,Pegasus,more,US,London,no
morning,med,Pegasus,more,US,Sheffield,no
morning,med,Pegasus,more,US,Bristol,no
morning,med,Pegasus,more,EU,London,no
morning,med,Pegasus,more,EU,Sheffield,no
morning,med,Pegasus,more,EU,Bristol,many
morning,med,Pegasus,more,LatAm,London,no
morning,med,Pegasus,more,LatAm,Sheffield,many
morning,med,Pegasus,more,LatAm,Bristol,many
morning,med,Cricket,2,US,London,no
morning,med,Cricket,2,US,Sheffield,no
morning,med,Cricket,2,US,Bristol,no
morning,med,Cricket,2,EU,London,no
morning,med,Cricket,2,EU,Sheffield,no
morning,med,Cricket,2,EU,Bristol,no
morning,med,Cricket,2,LatAm,London,no
morning,med,Cricket,2,LatAm,Sheffield,no
morning,med,Cricket,2,LatAm,Bristol,no
morning,med,Cricket,4,US,London,no
morning,med,Cricket,4,US,Sheffield,no
morning,med,Cricket,4,US,Bristol,many
morning,med,Cricket,4,EU,London,no
morning,med,Cricket,4,EU,Sheffield,no
morning,med,Cricket,4,EU,Bristol,many
morning,med,Cricket,4,LatAm,London,no
morning,med,Cricket,4,LatAm,Sheffield,many
morning,med,Cricket,4,LatAm,Bristol,many
morning,med,Cricket,more,US,London,no
morning,med,Cricket,more,US,Sheffield,no
morning,med,Cricket,more,US,Bristol,many
morning,med,Cricket,more,EU,London,no
morning,med,Cricket,more,EU,Sheffield,many
morning,med,Cricket,more,EU,Bristol,many
morning,med,Cricket,more,LatAm,London,no
morning,med,Cricket,more,LatAm,Sheffield,many
morning,med,Cricket,more,LatAm,Bristol,many
morning,med,Sasquatch,2,US,London,no
morning,med,Sasquatch,2,US,Sheffield,no
morning,med,Sasquatch,2,US,Bristol,no
morning,med,Sasquatch,2,EU,London,no
morning,med,Sasquatch,2,EU,Sheffield,no
morning,med,Sasquatch,2,EU,Bristol,no
morning,med,Sasquatch,2,LatAm,London,no
morning,med,Sasquatch,2,LatAm,Sheffield,no
morning,med,Sasquatch,2,LatAm,Bristol,no
morning,med,Sasquatch,4,US,London,no
morning,med,Sasquatch,4,US,Sheffield,no
morning,med,Sasquatch,4,US,Bristol,many
morning,med,Sasquatch,4,EU,London,no
morning,med,Sasquatch,4,EU,Sheffield,many
morning,med,Sasquatch,4,EU,Bristol,many
morning,med,Sasquatch,4,LatAm,London,no
morning,med,Sasquatch,4,LatAm,Sheffield,many
morning,med,Sasquatch,4,LatAm,Bristol,many
morning,med,Sasquatch,more,US,London,no
morning,med,Sasquatch,more,US,Sheffield,no
morning,med,Sasquatch,more,US,Bristol,many
morning,med,Sasquatch,more,EU,London,no
morning,med,Sasquatch,more,EU,Sheffield,many
morning,med,Sasquatch,more,EU,Bristol,many
morning,med,Sasquatch,more,LatAm,London,no
morning,med,Sasquatch,more,LatAm,Sheffield,many
morning,med,Sasquatch,more,LatAm,Bristol,many
morning,med,BigTime,2,US,London,no
morning,med,BigTime,2,US,Sheffield,no
morning,med,BigTime,2,US,Bristol,no
morning,med,BigTime,2,EU,London,no
morning,med,BigTime,2,EU,Sheffield,no
morning,med,BigTime,2,EU,Bristol,no
morning,med,BigTime,2,LatAm,London,no
morning,med,BigTime,2,LatAm,Sheffield,no
morning,med,BigTime,2,LatAm,Bristol,no
morning,med,BigTime,4,US,London,no
morning,med,BigTime,4,US,Sheffield,no
morning,med,BigTime,4,US,Bristol,many
morning,med,BigTime,4,EU,London,no
morning,med,BigTime,4,EU,Sheffield,many
morning,med,BigTime,4,EU,Bristol,many
morning,med,BigTime,4,LatAm,London,no
morning,med,BigTime,4,LatAm,Sheffield,many
morning,med,BigTime,4,LatAm,Bristol,many
morning,med,BigTime,more,US,London,no
morning,med,BigTime,more,US,Sheffield,no
morning,med,BigTime,more,US,Bristol,many
morning,med,BigTime,more,EU,London,no
morning,med,BigTime,more,EU,Sheffield,many
morning,med,BigTime,more,EU,Bristol,many
morning,med,BigTime,more,LatAm,London,no
morning,med,BigTime,more,LatAm,Sheffield,many
morning,med,BigTime,more,LatAm,Bristol,many
morning,low,Pegasus,2,US,London,no
morning,low,Pegasus,2,US,Sheffield,no
morning,low,Pegasus,2,US,Bristol,no
morning,low,Pegasus,2,EU,London,no
morning,low,Pegasus,2,EU,Sheffield,no
morning,low,Pegasus,2,EU,Bristol,no
morning,low,Pegasus,2,LatAm,London,no
morning,low,Pegasus,2,LatAm,Sheffield,no
morning,low,Pegasus,2,LatAm,Bristol,no
morning,low,Pegasus,4,US,London,no
morning,low,Pegasus,4,US,Sheffield,no
morning,low,Pegasus,4,US,Bristol,many
morning,low,Pegasus,4,EU,London,no
morning,low,Pegasus,4,EU,Sheffield,no
morning,low,Pegasus,4,EU,Bristol,many
morning,low,Pegasus,4,LatAm,London,no
morning,low,Pegasus,4,LatAm,Sheffield,many
morning,low,Pegasus,4,LatAm,Bristol,many
morning,low,Pegasus,more,US,London,no
morning,low,Pegasus,more,US,Sheffield,no
morning,low,Pegasus,more,US,Bristol,no
morning,low,Pegasus,more,EU,London,no
morning,low,Pegasus,more,EU,Sheffield,no
morning,low,Pegasus,more,EU,Bristol,many
morning,low,Pegasus,more,LatAm,London,no
morning,low,Pegasus,more,LatAm,Sheffield,many
morning,low,Pegasus,more,LatAm,Bristol,many
morning,low,Cricket,2,US,London,no
morning,low,Cricket,2,US,Sheffield,no
morning,low,Cricket,2,US,Bristol,no
morning,low,Cricket,2,EU,London,no
morning,low,Cricket,2,EU,Sheffield,no
morning,low,Cricket,2,EU,Bristol,no
morning,low,Cricket,2,LatAm,London,no
morning,low,Cricket,2,LatAm,Sheffield,no
morning,low,Cricket,2,LatAm,Bristol,no
morning,low,Cricket,4,US,London,no
morning,low,Cricket,4,US,Sheffield,no
morning,low,Cricket,4,US,Bristol,many
morning,low,Cricket,4,EU,London,no
morning,low,Cricket,4,EU,Sheffield,no
morning,low,Cricket,4,EU,Bristol,many
morning,low,Cricket,4,LatAm,London,no
morning,low,Cricket,4,LatAm,Sheffield,many
morning,low,Cricket,4,LatAm,Bristol,many
morning,low,Cricket,more,US,London,no
morning,low,Cricket,more,US,Sheffield,no
morning,low,Cricket,more,US,Bristol,many
morning,low,Cricket,more,EU,London,no
morning,low,Cricket,more,EU,Sheffield,many
morning,low,Cricket,more,EU,Bristol,many
morning,low,Cricket,more,LatAm,London,no
morning,low,Cricket,more,LatAm,Sheffield,many
morning,low,Cricket,more,LatAm,Bristol,many
morning,low,Sasquatch,2,US,London,no
morning,low,Sasquatch,2,US,Sheffield,no
morning,low,Sasquatch,2,US,Bristol,no
morning,low,Sasquatch,2,EU,London,no
morning,low,Sasquatch,2,EU,Sheffield,no
morning,low,Sasquatch,2,EU,Bristol,no
morning,low,Sasquatch,2,LatAm,London,no
morning,low,Sasquatch,2,LatAm,Sheffield,no
morning,low,Sasquatch,2,LatAm,Bristol,no
morning,low,Sasquatch,4,US,London,no
morning,low,Sasquatch,4,US,Sheffield,no
morning,low,Sasquatch,4,US,Bristol,many
morning,low,Sasquatch,4,EU,London,no
morning,low,Sasquatch,4,EU,Sheffield,many
morning,low,Sasquatch,4,EU,Bristol,many
morning,low,Sasquatch,4,LatAm,London,no
morning,low,Sasquatch,4,LatAm,Sheffield,many
morning,low,Sasquatch,4,LatAm,Bristol,many
morning,low,Sasquatch,more,US,London,no
morning,low,Sasquatch,more,US,Sheffield,no
morning,low,Sasquatch,more,US,Bristol,many
morning,low,Sasquatch,more,EU,London,no
morning,low,Sasquatch,more,EU,Sheffield,many
morning,low,Sasquatch,more,EU,Bristol,many
morning,low,Sasquatch,more,LatAm,London,no
morning,low,Sasquatch,more,LatAm,Sheffield,many
morning,low,Sasquatch,more,LatAm,Bristol,many
morning,low,BigTime,2,US,London,no
morning,low,BigTime,2,US,Sheffield,no
morning,low,BigTime,2,US,Bristol,no
morning,low,BigTime,2,EU,London,no
morning,low,BigTime,2,EU,Sheffield,no
morning,low,BigTime,2,EU,Bristol,no
morning,low,BigTime,2,LatAm,London,no
morning,low,BigTime,2,LatAm,Sheffield,no
morning,low,BigTime,2,LatAm,Bristol,no
morning,low,BigTime,4,US,London,no
morning,low,BigTime,4,US,Sheffield,no
morning,low,BigTime,4,US,Bristol,many
morning,low,BigTime,4,EU,London,no
morning,low,BigTime,4,EU,Sheffield,many
morning,low,BigTime,4,EU,Bristol,many
morning,low,BigTime,4,LatAm,London,no
morning,low,BigTime,4,LatAm,Sheffield,many
morning,low,BigTime,4,LatAm,Bristol,many
morning,low,BigTime,more,US,London,no
morning,low,BigTime,more,US,Sheffield,no
morning,low,BigTime,more,US,Bristol,many
morning,low,BigTime,more,EU,London,no
morning,low,BigTime,more,EU,Sheffield,many
morning,low,BigTime,more,EU,Bristol,many
morning,low,BigTime,more,LatAm,London,no
morning,low,BigTime,more,LatAm,Sheffield,many
morning,low,BigTime,more,LatAm,Bristol,many
lunch,vhigh,Pegasus,2,US,London,no
lunch,vhigh,Pegasus,2,US,Sheffield,no
lunch,vhigh,Pegasus,2,US,Bristol,no
lunch,vhigh,Pegasus,2,EU,London,no
lunch,vhigh,Pegasus,2,EU,Sheffield,no
lunch,vhigh,Pegasus,2,EU,Bristol,no
lunch,vhigh,Pegasus,2,LatAm,London,no
lunch,vhigh,Pegasus,2,LatAm,Sheffield,no
lunch,vhigh,Pegasus,2,LatAm,Bristol,no
lunch,vhigh,Pegasus,4,US,London,no
lunch,vhigh,Pegasus,4,US,Sheffield,no
lunch,vhigh,Pegasus,4,US,Bristol,no
lunch,vhigh,Pegasus,4,EU,London,no
lunch,vhigh,Pegasus,4,EU,Sheffield,no
lunch,vhigh,Pegasus,4,EU,Bristol,no
lunch,vhigh,Pegasus,4,LatAm,London,no
lunch,vhigh,Pegasus,4,LatAm,Sheffield,no
lunch,vhigh,Pegasus,4,LatAm,Bristol,no
lunch,vhigh,Pegasus,more,US,London,no
lunch,vhigh,Pegasus,more,US,Sheffield,no
lunch,vhigh,Pegasus,more,US,Bristol,no
lunch,vhigh,Pegasus,more,EU,London,no
lunch,vhigh,Pegasus,more,EU,Sheffield,no
lunch,vhigh,Pegasus,more,EU,Bristol,no
lunch,vhigh,Pegasus,more,LatAm,London,no
lunch,vhigh,Pegasus,more,LatAm,Sheffield,no
lunch,vhigh,Pegasus,more,LatAm,Bristol,no
lunch,vhigh,Cricket,2,US,London,no
lunch,vhigh,Cricket,2,US,Sheffield,no
lunch,vhigh,Cricket,2,US,Bristol,no
lunch,vhigh,Cricket,2,EU,London,no
lunch,vhigh,Cricket,2,EU,Sheffield,no
lunch,vhigh,Cricket,2,EU,Bristol,no
lunch,vhigh,Cricket,2,LatAm,London,no
lunch,vhigh,Cricket,2,LatAm,Sheffield,no
lunch,vhigh,Cricket,2,LatAm,Bristol,no
lunch,vhigh,Cricket,4,US,London,no
lunch,vhigh,Cricket,4,US,Sheffield,no
lunch,vhigh,Cricket,4,US,Bristol,no
lunch,vhigh,Cricket,4,EU,London,no
lunch,vhigh,Cricket,4,EU,Sheffield,no
lunch,vhigh,Cricket,4,EU,Bristol,no
lunch,vhigh,Cricket,4,LatAm,London,no
lunch,vhigh,Cricket,4,LatAm,Sheffield,no
lunch,vhigh,Cricket,4,LatAm,Bristol,no
lunch,vhigh,Cricket,more,US,London,no
lunch,vhigh,Cricket,more,US,Sheffield,no
lunch,vhigh,Cricket,more,US,Bristol,no
lunch,vhigh,Cricket,more,EU,London,no
lunch,vhigh,Cricket,more,EU,Sheffield,no
lunch,vhigh,Cricket,more,EU,Bristol,no
lunch,vhigh,Cricket,more,LatAm,London,no
lunch,vhigh,Cricket,more,LatAm,Sheffield,no
lunch,vhigh,Cricket,more,LatAm,Bristol,no
lunch,vhigh,Sasquatch,2,US,London,no
lunch,vhigh,Sasquatch,2,US,Sheffield,no
lunch,vhigh,Sasquatch,2,US,Bristol,no
lunch,vhigh,Sasquatch,2,EU,London,no
lunch,vhigh,Sasquatch,2,EU,Sheffield,no
lunch,vhigh,Sasquatch,2,EU,Bristol,no
lunch,vhigh,Sasquatch,2,LatAm,London,no
lunch,vhigh,Sasquatch,2,LatAm,Sheffield,no
lunch,vhigh,Sasquatch,2,LatAm,Bristol,no
lunch,vhigh,Sasquatch,4,US,London,no
lunch,vhigh,Sasquatch,4,US,Sheffield,no
lunch,vhigh,Sasquatch,4,US,Bristol,no
lunch,vhigh,Sasquatch,4,EU,London,no
lunch,vhigh,Sasquatch,4,EU,Sheffield,no
lunch,vhigh,Sasquatch,4,EU,Bristol,no
lunch,vhigh,Sasquatch,4,LatAm,London,no
lunch,vhigh,Sasquatch,4,LatAm,Sheffield,no
lunch,vhigh,Sasquatch,4,LatAm,Bristol,no
lunch,vhigh,Sasquatch,more,US,London,no
lunch,vhigh,Sasquatch,more,US,Sheffield,no
lunch,vhigh,Sasquatch,more,US,Bristol,no
lunch,vhigh,Sasquatch,more,EU,London,no
lunch,vhigh,Sasquatch,more,EU,Sheffield,no
lunch,vhigh,Sasquatch,more,EU,Bristol,no
lunch,vhigh,Sasquatch,more,LatAm,London,no
lunch,vhigh,Sasquatch,more,LatAm,Sheffield,no
lunch,vhigh,Sasquatch,more,LatAm,Bristol,no
lunch,vhigh,BigTime,2,US,London,no
lunch,vhigh,BigTime,2,US,Sheffield,no
lunch,vhigh,BigTime,2,US,Bristol,no
lunch,vhigh,BigTime,2,EU,London,no
lunch,vhigh,BigTime,2,EU,Sheffield,no
lunch,vhigh,BigTime,2,EU,Bristol,no
lunch,vhigh,BigTime,2,LatAm,London,no
lunch,vhigh,BigTime,2,LatAm,Sheffield,no
lunch,vhigh,BigTime,2,LatAm,Bristol,no
lunch,vhigh,BigTime,4,US,London,no
lunch,vhigh,BigTime,4,US,Sheffield,no
lunch,vhigh,BigTime,4,US,Bristol,no
lunch,vhigh,BigTime,4,EU,London,no
lunch,vhigh,BigTime,4,EU,Sheffield,no
lunch,vhigh,BigTime,4,EU,Bristol,no
lunch,vhigh,BigTime,4,LatAm,London,no
lunch,vhigh,BigTime,4,LatAm,Sheffield,no
lunch,vhigh,BigTime,4,LatAm,Bristol,no
lunch,vhigh,BigTime,more,US,London,no
lunch,vhigh,BigTime,more,US,Sheffield,no
lunch,vhigh,BigTime,more,US,Bristol,no
lunch,vhigh,BigTime,more,EU,London,no
lunch,vhigh,BigTime,more,EU,Sheffield,no
lunch,vhigh,BigTime,more,EU,Bristol,no
lunch,vhigh,BigTime,more,LatAm,London,no
lunch,vhigh,BigTime,more,LatAm,Sheffield,no
lunch,vhigh,BigTime,more,LatAm,Bristol,no
lunch,high,Pegasus,2,US,London,no
lunch,high,Pegasus,2,US,Sheffield,no
lunch,high,Pegasus,2,US,Bristol,no
lunch,high,Pegasus,2,EU,London,no
lunch,high,Pegasus,2,EU,Sheffield,no
lunch,high,Pegasus,2,EU,Bristol,no
lunch,high,Pegasus,2,LatAm,London,no
lunch,high,Pegasus,2,LatAm,Sheffield,no
lunch,high,Pegasus,2,LatAm,Bristol,no
lunch,high,Pegasus,4,US,London,no
lunch,high,Pegasus,4,US,Sheffield,no
lunch,high,Pegasus,4,US,Bristol,many
lunch,high,Pegasus,4,EU,London,no
lunch,high,Pegasus,4,EU,Sheffield,no
lunch,high,Pegasus,4,EU,Bristol,many
lunch,high,Pegasus,4,LatAm,London,no
lunch,high,Pegasus,4,LatAm,Sheffield,many
lunch,high,Pegasus,4,LatAm,Bristol,many
lunch,high,Pegasus,more,US,London,no
lunch,high,Pegasus,more,US,Sheffield,no
lunch,high,Pegasus,more,US,Bristol,no
lunch,high,Pegasus,more,EU,London,no
lunch,high,Pegasus,more,EU,Sheffield,no
lunch,high,Pegasus,more,EU,Bristol,many
lunch,high,Pegasus,more,LatAm,London,no
lunch,high,Pegasus,more,LatAm,Sheffield,many
lunch,high,Pegasus,more,LatAm,Bristol,many
lunch,high,Cricket,2,US,London,no
lunch,high,Cricket,2,US,Sheffield,no
lunch,high,Cricket,2,US,Bristol,no
lunch,high,Cricket,2,EU,London,no
lunch,high,Cricket,2,EU,Sheffield,no
lunch,high,Cricket,2,EU,Bristol,no
lunch,high,Cricket,2,LatAm,London,no
lunch,high,Cricket,2,LatAm,Sheffield,no
lunch,high,Cricket,2,LatAm,Bristol,no
lunch,high,Cricket,4,US,London,no
lunch,high,Cricket,4,US,Sheffield,no
lunch,high,Cricket,4,US,Bristol,many
lunch,high,Cricket,4,EU,London,no
lunch,high,Cricket,4,EU,Sheffield,no
lunch,high,Cricket,4,EU,Bristol,many
lunch,high,Cricket,4,LatAm,London,no
lunch,high,Cricket,4,LatAm,Sheffield,many
lunch,high,Cricket,4,LatAm,Bristol,many
lunch,high,Cricket,more,US,London,no
lunch,high,Cricket,more,US,Sheffield,no
lunch,high,Cricket,more,US,Bristol,many
lunch,high,Cricket,more,EU,London,no
lunch,high,Cricket,more,EU,Sheffield,many
lunch,high,Cricket,more,EU,Bristol,many
lunch,high,Cricket,more,LatAm,London,no
lunch,high,Cricket,more,LatAm,Sheffield,many
lunch,high,Cricket,more,LatAm,Bristol,many
lunch,high,Sasquatch,2,US,London,no
lunch,high,Sasquatch,2,US,Sheffield,no
lunch,high,Sasquatch,2,US,Bristol,no
lunch,high,Sasquatch,2,EU,London,no
lunch,high,Sasquatch,2,EU,Sheffield,no
lunch,high,Sasquatch,2,EU,Bristol,no
lunch,high,Sasquatch,2,LatAm,London,no
lunch,high,Sasquatch,2,LatAm,Sheffield,no
lunch,high,Sasquatch,2,LatAm,Bristol,no
lunch,high,Sasquatch,4,US,London,no
lunch,high,Sasquatch,4,US,Sheffield,no
lunch,high,Sasquatch,4,US,Bristol,many
lunch,high,Sasquatch,4,EU,London,no
lunch,high,Sasquatch,4,EU,Sheffield,many
lunch,high,Sasquatch,4,EU,Bristol,many
lunch,high,Sasquatch,4,LatAm,London,no
lunch,high,Sasquatch,4,LatAm,Sheffield,many
lunch,high,Sasquatch,4,LatAm,Bristol,many
lunch,high,Sasquatch,more,US,London,no
lunch,high,Sasquatch,more,US,Sheffield,no
lunch,high,Sasquatch,more,US,Bristol,many
lunch,high,Sasquatch,more,EU,London,no
lunch,high,Sasquatch,more,EU,Sheffield,many
lunch,high,Sasquatch,more,EU,Bristol,many
lunch,high,Sasquatch,more,LatAm,London,no
lunch,high,Sasquatch,more,LatAm,Sheffield,many
lunch,high,Sasquatch,more,LatAm,Bristol,many
lunch,high,BigTime,2,US,London,no
lunch,high,BigTime,2,US,Sheffield,no
lunch,high,BigTime,2,US,Bristol,no
lunch,high,BigTime,2,EU,London,no
lunch,high,BigTime,2,EU,Sheffield,no
lunch,high,BigTime,2,EU,Bristol,no
lunch,high,BigTime,2,LatAm,London,no
lunch,high,BigTime,2,LatAm,Sheffield,no
lunch,high,BigTime,2,LatAm,Bristol,no
lunch,high,BigTime,4,US,London,no
lunch,high,BigTime,4,US,Sheffield,no
lunch,high,BigTime,4,US,Bristol,many
lunch,high,BigTime,4,EU,London,no
lunch,high,BigTime,4,EU,Sheffield,many
lunch,high,BigTime,4,EU,Bristol,many
lunch,high,BigTime,4,LatAm,London,no
lunch,high,BigTime,4,LatAm,Sheffield,many
lunch,high,BigTime,4,LatAm,Bristol,many
lunch,high,BigTime,more,US,London,no
lunch,high,BigTime,more,US,Sheffield,no
lunch,high,BigTime,more,US,Bristol,many
lunch,high,BigTime,more,EU,London,no
lunch,high,BigTime,more,EU,Sheffield,many
lunch,high,BigTime,more,EU,Bristol,many
lunch,high,BigTime,more,LatAm,London,no
lunch,high,BigTime,more,LatAm,Sheffield,many
lunch,high,BigTime,more,LatAm,Bristol,many
lunch,med,Pegasus,2,US,London,no
lunch,med,Pegasus,2,US,Sheffield,no
lunch,med,Pegasus,2,US,Bristol,no
lunch,med,Pegasus,2,EU,London,no
lunch,med,Pegasus,2,EU,Sheffield,no
lunch,med,Pegasus,2,EU,Bristol,no
lunch,med,Pegasus,2,LatAm,London,no
lunch,med,Pegasus,2,LatAm,Sheffield,no
lunch,med,Pegasus,2,LatAm,Bristol,no
lunch,med,Pegasus,4,US,London,no
lunch,med,Pegasus,4,US,Sheffield,no
lunch,med,Pegasus,4,US,Bristol,many
lunch,med,Pegasus,4,EU,London,no
lunch,med,Pegasus,4,EU,Sheffield,no
lunch,med,Pegasus,4,EU,Bristol,many
lunch,med,Pegasus,4,LatAm,London,no
lunch,med,Pegasus,4,LatAm,Sheffield,many
lunch,med,Pegasus,4,LatAm,Bristol,many
lunch,med,Pegasus,more,US,London,no
lunch,med,Pegasus,more,US,Sheffield,no
lunch,med,Pegasus,more,US,Bristol,no
lunch,med,Pegasus,more,EU,London,no
lunch,med,Pegasus,more,EU,Sheffield,no
lunch,med,Pegasus,more,EU,Bristol,many
lunch,med,Pegasus,more,LatAm,London,no
lunch,med,Pegasus,more,LatAm,Sheffield,many
lunch,med,Pegasus,more,LatAm,Bristol,many
lunch,med,Cricket,2,US,London,no
lunch,med,Cricket,2,US,Sheffield,no
lunch,med,Cricket,2,US,Bristol,no
lunch,med,Cricket,2,EU,London,no
lunch,med,Cricket,2,EU,Sheffield,no
lunch,med,Cricket,2,EU,Bristol,no
lunch,med,Cricket,2,LatAm,London,no
lunch,med,Cricket,2,LatAm,Sheffield,no
lunch,med,Cricket,2,LatAm,Bristol,no
lunch,med,Cricket,4,US,London,no
lunch,med,Cricket,4,US,Sheffield,no
lunch,med,Cricket,4,US,Bristol,many
lunch,med,Cricket,4,EU,London,no
lunch,med,Cricket,4,EU,Sheffield,no
lunch,med,Cricket,4,EU,Bristol,many
lunch,med,Cricket,4,LatAm,London,no
lunch,med,Cricket,4,LatAm,Sheffield,many
lunch,med,Cricket,4,LatAm,Bristol,many
lunch,med,Cricket,more,US,London,no
lunch,med,Cricket,more,US,Sheffield,no
lunch,med,Cricket,more,US,Bristol,many
lunch,med,Cricket,more,EU,London,no
lunch,med,Cricket,more,EU,Sheffield,many
lunch,med,Cricket,more,EU,Bristol,many
lunch,med,Cricket,more,LatAm,London,no
lunch,med,Cricket,more,LatAm,Sheffield,many
lunch,med,Cricket,more,LatAm,Bristol,many
lunch,med,Sasquatch,2,US,London,no
lunch,med,Sasquatch,2,US,Sheffield,no
lunch,med,Sasquatch,2,US,Bristol,no
lunch,med,Sasquatch,2,EU,London,no
lunch,med,Sasquatch,2,EU,Sheffield,no
lunch,med,Sasquatch,2,EU,Bristol,no
lunch,med,Sasquatch,2,LatAm,London,no
lunch,med,Sasquatch,2,LatAm,Sheffield,no
lunch,med,Sasquatch,2,LatAm,Bristol,no
lunch,med,Sasquatch,4,US,London,no
lunch,med,Sasquatch,4,US,Sheffield,no
lunch,med,Sasquatch,4,US,Bristol,many
lunch,med,Sasquatch,4,EU,London,no
lunch,med,Sasquatch,4,EU,Sheffield,many
lunch,med,Sasquatch,4,EU,Bristol,many
lunch,med,Sasquatch,4,LatAm,London,no
lunch,med,Sasquatch,4,LatAm,Sheffield,many
lunch,med,Sasquatch,4,LatAm,Bristol,many
lunch,med,Sasquatch,more,US,London,no
lunch,med,Sasquatch,more,US,Sheffield,no
lunch,med,Sasquatch,more,US,Bristol,many
lunch,med,Sasquatch,more,EU,London,no
lunch,med,Sasquatch,more,EU,Sheffield,many
lunch,med,Sasquatch,more,EU,Bristol,many
lunch,med,Sasquatch,more,LatAm,London,no
lunch,med,Sasquatch,more,LatAm,Sheffield,many
lunch,med,Sasquatch,more,LatAm,Bristol,many
lunch,med,BigTime,2,US,London,no
lunch,med,BigTime,2,US,Sheffield,no
lunch,med,BigTime,2,US,Bristol,no
lunch,med,BigTime,2,EU,London,no
lunch,med,BigTime,2,EU,Sheffield,no
lunch,med,BigTime,2,EU,Bristol,no
lunch,med,BigTime,2,LatAm,London,no
lunch,med,BigTime,2,LatAm,Sheffield,no
lunch,med,BigTime,2,LatAm,Bristol,no
lunch,med,BigTime,4,US,London,no
lunch,med,BigTime,4,US,Sheffield,no
lunch,med,BigTime,4,US,Bristol,many
lunch,med,BigTime,4,EU,London,no
lunch,med,BigTime,4,EU,Sheffield,many
lunch,med,BigTime,4,EU,Bristol,many
lunch,med,BigTime,4,LatAm,London,no
lunch,med,BigTime,4,LatAm,Sheffield,many
lunch,med,BigTime,4,LatAm,Bristol,many
lunch,med,BigTime,more,US,London,no
lunch,med,BigTime,more,US,Sheffield,no
lunch,med,BigTime,more,US,Bristol,many
lunch,med,BigTime,more,EU,London,no
lunch,med,BigTime,more,EU,Sheffield,many
lunch,med,BigTime,more,EU,Bristol,many
lunch,med,BigTime,more,LatAm,London,no
lunch,med,BigTime,more,LatAm,Sheffield,many
lunch,med,BigTime,more,LatAm,Bristol,many
lunch,low,Pegasus,2,US,London,no
lunch,low,Pegasus,2,US,Sheffield,no
lunch,low,Pegasus,2,US,Bristol,no
lunch,low,Pegasus,2,EU,London,no
lunch,low,Pegasus,2,EU,Sheffield,no
lunch,low,Pegasus,2,EU,Bristol,no
lunch,low,Pegasus,2,LatAm,London,no
lunch,low,Pegasus,2,LatAm,Sheffield,no
lunch,low,Pegasus,2,LatAm,Bristol,no
lunch,low,Pegasus,4,US,London,no
lunch,low,Pegasus,4,US,Sheffield,no
lunch,low,Pegasus,4,US,Bristol,many
lunch,low,Pegasus,4,EU,London,no
lunch,low,Pegasus,4,EU,Sheffield,no
lunch,low,Pegasus,4,EU,Bristol,many
lunch,low,Pegasus,4,LatAm,London,no
lunch,low,Pegasus,4,LatAm,Sheffield,many
lunch,low,Pegasus,4,LatAm,Bristol,many
lunch,low,Pegasus,more,US,London,no
lunch,low,Pegasus,more,US,Sheffield,no
lunch,low,Pegasus,more,US,Bristol,no
lunch,low,Pegasus,more,EU,London,no
lunch,low,Pegasus,more,EU,Sheffield,no
lunch,low,Pegasus,more,EU,Bristol,many
lunch,low,Pegasus,more,LatAm,London,no
lunch,low,Pegasus,more,LatAm,Sheffield,many
lunch,low,Pegasus,more,LatAm,Bristol,many
lunch,low,Cricket,2,US,London,no
lunch,low,Cricket,2,US,Sheffield,no
lunch,low,Cricket,2,US,Bristol,no
lunch,low,Cricket,2,EU,London,no
lunch,low,Cricket,2,EU,Sheffield,no
lunch,low,Cricket,2,EU,Bristol,no
lunch,low,Cricket,2,LatAm,London,no
lunch,low,Cricket,2,LatAm,Sheffield,no
lunch,low,Cricket,2,LatAm,Bristol,no
lunch,low,Cricket,4,US,London,no
lunch,low,Cricket,4,US,Sheffield,no
lunch,low,Cricket,4,US,Bristol,many
lunch,low,Cricket,4,EU,London,no
lunch,low,Cricket,4,EU,Sheffield,no
lunch,low,Cricket,4,EU,Bristol,many
lunch,low,Cricket,4,LatAm,London,no
lunch,low,Cricket,4,LatAm,Sheffield,many
lunch,low,Cricket,4,LatAm,Bristol,many
lunch,low,Cricket,more,US,London,no
lunch,low,Cricket,more,US,Sheffield,no
lunch,low,Cricket,more,US,Bristol,many
lunch,low,Cricket,more,EU,London,no
lunch,low,Cricket,more,EU,Sheffield,many
lunch,low,Cricket,more,EU,Bristol,many
lunch,low,Cricket,more,LatAm,London,no
lunch,low,Cricket,more,LatAm,Sheffield,many
lunch,low,Cricket,more,LatAm,Bristol,many
lunch,low,Sasquatch,2,US,London,no
lunch,low,Sasquatch,2,US,Sheffield,no
lunch,low,Sasquatch,2,US,Bristol,no
lunch,low,Sasquatch,2,EU,London,no
lunch,low,Sasquatch,2,EU,Sheffield,no
lunch,low,Sasquatch,2,EU,Bristol,no
lunch,low,Sasquatch,2,LatAm,London,no
lunch,low,Sasquatch,2,LatAm,Sheffield,no
lunch,low,Sasquatch,2,LatAm,Bristol,no
lunch,low,Sasquatch,4,US,London,no
lunch,low,Sasquatch,4,US,Sheffield,no
lunch,low,Sasquatch,4,US,Bristol,many
lunch,low,Sasquatch,4,EU,London,no
lunch,low,Sasquatch,4,EU,Sheffield,many
lunch,low,Sasquatch,4,EU,Bristol,many
lunch,low,Sasquatch,4,LatAm,London,no
lunch,low,Sasquatch,4,LatAm,Sheffield,many
lunch,low,Sasquatch,4,LatAm,Bristol,many
lunch,low,Sasquatch,more,US,London,no
lunch,low,Sasquatch,more,US,Sheffield,no
lunch,low,Sasquatch,more,US,Bristol,many
lunch,low,Sasquatch,more,EU,London,no
lunch,low,Sasquatch,more,EU,Sheffield,many
lunch,low,Sasquatch,more,EU,Bristol,many
lunch,low,Sasquatch,more,LatAm,London,no
lunch,low,Sasquatch,more,LatAm,Sheffield,many
lunch,low,Sasquatch,more,LatAm,Bristol,many
lunch,low,BigTime,2,US,London,no
lunch,low,BigTime,2,US,Sheffield,no
lunch,low,BigTime,2,US,Bristol,no
lunch,low,BigTime,2,EU,London,no
lunch,low,BigTime,2,EU,Sheffield,no
lunch,low,BigTime,2,EU,Bristol,no
lunch,low,BigTime,2,LatAm,London,no
lunch,low,BigTime,2,LatAm,Sheffield,no
lunch,low,BigTime,2,LatAm,Bristol,no
lunch,low,BigTime,4,US,London,no
lunch,low,BigTime,4,US,Sheffield,no
lunch,low,BigTime,4,US,Bristol,many
lunch,low,BigTime,4,EU,London,no
lunch,low,BigTime,4,EU,Sheffield,many
lunch,low,BigTime,4,EU,Bristol,many
lunch,low,BigTime,4,LatAm,London,no
lunch,low,BigTime,4,LatAm,Sheffield,many
lunch,low,BigTime,4,LatAm,Bristol,many
lunch,low,BigTime,more,US,London,no
lunch,low,BigTime,more,US,Sheffield,no
lunch,low,BigTime,more,US,Bristol,many
lunch,low,BigTime,more,EU,London,no
lunch,low,BigTime,more,EU,Sheffield,many
lunch,low,BigTime,more,EU,Bristol,many
lunch,low,BigTime,more,LatAm,London,no
lunch,low,BigTime,more,LatAm,Sheffield,many
lunch,low,BigTime,more,LatAm,Bristol,many
evening,vhigh,Pegasus,2,US,London,no
evening,vhigh,Pegasus,2,US,Sheffield,no
evening,vhigh,Pegasus,2,US,Bristol,no
evening,vhigh,Pegasus,2,EU,London,no
evening,vhigh,Pegasus,2,EU,Sheffield,no
evening,vhigh,Pegasus,2,EU,Bristol,no
evening,vhigh,Pegasus,2,LatAm,London,no
evening,vhigh,Pegasus,2,LatAm,Sheffield,no
evening,vhigh,Pegasus,2,LatAm,Bristol,no
evening,vhigh,Pegasus,4,US,London,no
evening,vhigh,Pegasus,4,US,Sheffield,no
evening,vhigh,Pegasus,4,US,Bristol,many
evening,vhigh,Pegasus,4,EU,London,no
evening,vhigh,Pegasus,4,EU,Sheffield,no
evening,vhigh,Pegasus,4,EU,Bristol,many
evening,vhigh,Pegasus,4,LatAm,London,no
evening,vhigh,Pegasus,4,LatAm,Sheffield,many
evening,vhigh,Pegasus,4,LatAm,Bristol,many
evening,vhigh,Pegasus,more,US,London,no
evening,vhigh,Pegasus,more,US,Sheffield,no
evening,vhigh,Pegasus,more,US,Bristol,no
evening,vhigh,Pegasus,more,EU,London,no
evening,vhigh,Pegasus,more,EU,Sheffield,no
evening,vhigh,Pegasus,more,EU,Bristol,many
evening,vhigh,Pegasus,more,LatAm,London,no
evening,vhigh,Pegasus,more,LatAm,Sheffield,many
evening,vhigh,Pegasus,more,LatAm,Bristol,many
evening,vhigh,Cricket,2,US,London,no
evening,vhigh,Cricket,2,US,Sheffield,no
evening,vhigh,Cricket,2,US,Bristol,no
evening,vhigh,Cricket,2,EU,London,no
evening,vhigh,Cricket,2,EU,Sheffield,no
evening,vhigh,Cricket,2,EU,Bristol,no
evening,vhigh,Cricket,2,LatAm,London,no
evening,vhigh,Cricket,2,LatAm,Sheffield,no
evening,vhigh,Cricket,2,LatAm,Bristol,no
evening,vhigh,Cricket,4,US,London,no
evening,vhigh,Cricket,4,US,Sheffield,no
evening,vhigh,Cricket,4,US,Bristol,many
evening,vhigh,Cricket,4,EU,London,no
evening,vhigh,Cricket,4,EU,Sheffield,no
evening,vhigh,Cricket,4,EU,Bristol,many
evening,vhigh,Cricket,4,LatAm,London,no
evening,vhigh,Cricket,4,LatAm,Sheffield,many
evening,vhigh,Cricket,4,LatAm,Bristol,many
evening,vhigh,Cricket,more,US,London,no
evening,vhigh,Cricket,more,US,Sheffield,no
evening,vhigh,Cricket,more,US,Bristol,many
evening,vhigh,Cricket,more,EU,London,no
evening,vhigh,Cricket,more,EU,Sheffield,many
evening,vhigh,Cricket,more,EU,Bristol,many
evening,vhigh,Cricket,more,LatAm,London,no
evening,vhigh,Cricket,more,LatAm,Sheffield,many
evening,vhigh,Cricket,more,LatAm,Bristol,many
evening,vhigh,Sasquatch,2,US,London,no
evening,vhigh,Sasquatch,2,US,Sheffield,no
evening,vhigh,Sasquatch,2,US,Bristol,no
evening,vhigh,Sasquatch,2,EU,London,no
evening,vhigh,Sasquatch,2,EU,Sheffield,no
evening,vhigh,Sasquatch,2,EU,Bristol,no
evening,vhigh,Sasquatch,2,LatAm,London,no
evening,vhigh,Sasquatch,2,LatAm,Sheffield,no
evening,vhigh,Sasquatch,2,LatAm,Bristol,no
evening,vhigh,Sasquatch,4,US,London,no
evening,vhigh,Sasquatch,4,US,Sheffield,no
evening,vhigh,Sasquatch,4,US,Bristol,many
evening,vhigh,Sasquatch,4,EU,London,no
evening,vhigh,Sasquatch,4,EU,Sheffield,many
evening,vhigh,Sasquatch,4,EU,Bristol,many
evening,vhigh,Sasquatch,4,LatAm,London,no
evening,vhigh,Sasquatch,4,LatAm,Sheffield,many
evening,vhigh,Sasquatch,4,LatAm,Bristol,many
evening,vhigh,Sasquatch,more,US,London,no
evening,vhigh,Sasquatch,more,US,Sheffield,no
evening,vhigh,Sasquatch,more,US,Bristol,many
evening,vhigh,Sasquatch,more,EU,London,no
evening,vhigh,Sasquatch,more,EU,Sheffield,many
evening,vhigh,Sasquatch,more,EU,Bristol,many
evening,vhigh,Sasquatch,more,LatAm,London,no
evening,vhigh,Sasquatch,more,LatAm,Sheffield,many
evening,vhigh,Sasquatch,more,LatAm,Bristol,many
evening,vhigh,BigTime,2,US,London,no
evening,vhigh,BigTime,2,US,Sheffield,no
evening,vhigh,BigTime,2,US,Bristol,no
evening,vhigh,BigTime,2,EU,London,no
evening,vhigh,BigTime,2,EU,Sheffield,no
evening,vhigh,BigTime,2,EU,Bristol,no
evening,vhigh,BigTime,2,LatAm,London,no
evening,vhigh,BigTime,2,LatAm,Sheffield,no
evening,vhigh,BigTime,2,LatAm,Bristol,no
evening,vhigh,BigTime,4,US,London,no
evening,vhigh,BigTime,4,US,Sheffield,no
evening,vhigh,BigTime,4,US,Bristol,many
evening,vhigh,BigTime,4,EU,London,no
evening,vhigh,BigTime,4,EU,Sheffield,many
evening,vhigh,BigTime,4,EU,Bristol,many
evening,vhigh,BigTime,4,LatAm,London,no
evening,vhigh,BigTime,4,LatAm,Sheffield,many
evening,vhigh,BigTime,4,LatAm,Bristol,many
evening,vhigh,BigTime,more,US,London,no
evening,vhigh,BigTime,more,US,Sheffield,no
evening,vhigh,BigTime,more,US,Bristol,many
evening,vhigh,BigTime,more,EU,London,no
evening,vhigh,BigTime,more,EU,Sheffield,many
evening,vhigh,BigTime,more,EU,Bristol,many
evening,vhigh,BigTime,more,LatAm,London,no
evening,vhigh,BigTime,more,LatAm,Sheffield,many
evening,vhigh,BigTime,more,LatAm,Bristol,many
evening,high,Pegasus,2,US,London,no
evening,high,Pegasus,2,US,Sheffield,no
evening,high,Pegasus,2,US,Bristol,no
evening,high,Pegasus,2,EU,London,no
evening,high,Pegasus,2,EU,Sheffield,no
evening,high,Pegasus,2,EU,Bristol,no
evening,high,Pegasus,2,LatAm,London,no
evening,high,Pegasus,2,LatAm,Sheffield,no
evening,high,Pegasus,2,LatAm,Bristol,no
evening,high,Pegasus,4,US,London,no
evening,high,Pegasus,4,US,Sheffield,no
evening,high,Pegasus,4,US,Bristol,many
evening,high,Pegasus,4,EU,London,no
evening,high,Pegasus,4,EU,Sheffield,no
evening,high,Pegasus,4,EU,Bristol,many
evening,high,Pegasus,4,LatAm,London,no
evening,high,Pegasus,4,LatAm,Sheffield,many
evening,high,Pegasus,4,LatAm,Bristol,many
evening,high,Pegasus,more,US,London,no
evening,high,Pegasus,more,US,Sheffield,no
evening,high,Pegasus,more,US,Bristol,no
evening,high,Pegasus,more,EU,London,no
evening,high,Pegasus,more,EU,Sheffield,no
evening,high,Pegasus,more,EU,Bristol,many
evening,high,Pegasus,more,LatAm,London,no
evening,high,Pegasus,more,LatAm,Sheffield,many
evening,high,Pegasus,more,LatAm,Bristol,many
evening,high,Cricket,2,US,London,no
evening,high,Cricket,2,US,Sheffield,no
evening,high,Cricket,2,US,Bristol,no
evening,high,Cricket,2,EU,London,no
evening,high,Cricket,2,EU,Sheffield,no
evening,high,Cricket,2,EU,Bristol,no
evening,high,Cricket,2,LatAm,London,no
evening,high,Cricket,2,LatAm,Sheffield,no
evening,high,Cricket,2,LatAm,Bristol,no
evening,high,Cricket,4,US,London,no
evening,high,Cricket,4,US,Sheffield,no
evening,high,Cricket,4,US,Bristol,many
evening,high,Cricket,4,EU,London,no
evening,high,Cricket,4,EU,Sheffield,no
evening,high,Cricket,4,EU,Bristol,many
evening,high,Cricket,4,LatAm,London,no
evening,high,Cricket,4,LatAm,Sheffield,many
evening,high,Cricket,4,LatAm,Bristol,many
evening,high,Cricket,more,US,London,no
evening,high,Cricket,more,US,Sheffield,no
evening,high,Cricket,more,US,Bristol,many
evening,high,Cricket,more,EU,London,no
evening,high,Cricket,more,EU,Sheffield,many
evening,high,Cricket,more,EU,Bristol,many
evening,high,Cricket,more,LatAm,London,no
evening,high,Cricket,more,LatAm,Sheffield,many
evening,high,Cricket,more,LatAm,Bristol,many
evening,high,Sasquatch,2,US,London,no
evening,high,Sasquatch,2,US,Sheffield,no
evening,high,Sasquatch,2,US,Bristol,no
evening,high,Sasquatch,2,EU,London,no
evening,high,Sasquatch,2,EU,Sheffield,no
evening,high,Sasquatch,2,EU,Bristol,no
evening,high,Sasquatch,2,LatAm,London,no
evening,high,Sasquatch,2,LatAm,Sheffield,no
evening,high,Sasquatch,2,LatAm,Bristol,no
evening,high,Sasquatch,4,US,London,no
evening,high,Sasquatch,4,US,Sheffield,no
evening,high,Sasquatch,4,US,Bristol,many
evening,high,Sasquatch,4,EU,London,no
evening,high,Sasquatch,4,EU,Sheffield,many
evening,high,Sasquatch,4,EU,Bristol,many
evening,high,Sasquatch,4,LatAm,London,no
evening,high,Sasquatch,4,LatAm,Sheffield,many
evening,high,Sasquatch,4,LatAm,Bristol,many
evening,high,Sasquatch,more,US,London,no
evening,high,Sasquatch,more,US,Sheffield,no
evening,high,Sasquatch,more,US,Bristol,many
evening,high,Sasquatch,more,EU,London,no
evening,high,Sasquatch,more,EU,Sheffield,many
evening,high,Sasquatch,more,EU,Bristol,many
evening,high,Sasquatch,more,LatAm,London,no
evening,high,Sasquatch,more,LatAm,Sheffield,many
evening,high,Sasquatch,more,LatAm,Bristol,many
evening,high,BigTime,2,US,London,no
evening,high,BigTime,2,US,Sheffield,no
evening,high,BigTime,2,US,Bristol,no
evening,high,BigTime,2,EU,London,no
evening,high,BigTime,2,EU,Sheffield,no
evening,high,BigTime,2,EU,Bristol,no
evening,high,BigTime,2,LatAm,London,no
evening,high,BigTime,2,LatAm,Sheffield,no
evening,high,BigTime,2,LatAm,Bristol,no
evening,high,BigTime,4,US,London,no
evening,high,BigTime,4,US,Sheffield,no
evening,high,BigTime,4,US,Bristol,many
evening,high,BigTime,4,EU,London,no
evening,high,BigTime,4,EU,Sheffield,many
evening,high,BigTime,4,EU,Bristol,many
evening,high,BigTime,4,LatAm,London,no
evening,high,BigTime,4,LatAm,Sheffield,many
evening,high,BigTime,4,LatAm,Bristol,many
evening,high,BigTime,more,US,London,no
evening,high,BigTime,more,US,Sheffield,no
evening,high,BigTime,more,US,Bristol,many
evening,high,BigTime,more,EU,London,no
evening,high,BigTime,more,EU,Sheffield,many
evening,high,BigTime,more,EU,Bristol,many
evening,high,BigTime,more,LatAm,London,no
evening,high,BigTime,more,LatAm,Sheffield,many
evening,high,BigTime,more,LatAm,Bristol,many
evening,med,Pegasus,2,US,London,no
evening,med,Pegasus,2,US,Sheffield,no
evening,med,Pegasus,2,US,Bristol,no
evening,med,Pegasus,2,EU,London,no
evening,med,Pegasus,2,EU,Sheffield,no
evening,med,Pegasus,2,EU,Bristol,no
evening,med,Pegasus,2,LatAm,London,no
evening,med,Pegasus,2,LatAm,Sheffield,no
evening,med,Pegasus,2,LatAm,Bristol,no
evening,med,Pegasus,4,US,London,no
evening,med,Pegasus,4,US,Sheffield,many
evening,med,Pegasus,4,US,Bristol,many
evening,med,Pegasus,4,EU,London,no
evening,med,Pegasus,4,EU,Sheffield,many
evening,med,Pegasus,4,EU,Bristol,many
evening,med,Pegasus,4,LatAm,London,no
evening,med,Pegasus,4,LatAm,Sheffield,many
evening,med,Pegasus,4,LatAm,Bristol,one
evening,med,Pegasus,more,US,London,no
evening,med,Pegasus,more,US,Sheffield,no
evening,med,Pegasus,more,US,Bristol,no
evening,med,Pegasus,more,EU,London,no
evening,med,Pegasus,more,EU,Sheffield,many
evening,med,Pegasus,more,EU,Bristol,many
evening,med,Pegasus,more,LatAm,London,no
evening,med,Pegasus,more,LatAm,Sheffield,many
evening,med,Pegasus,more,LatAm,Bristol,one
evening,med,Cricket,2,US,London,no
evening,med,Cricket,2,US,Sheffield,no
evening,med,Cricket,2,US,Bristol,no
evening,med,Cricket,2,EU,London,no
evening,med,Cricket,2,EU,Sheffield,no
evening,med,Cricket,2,EU,Bristol,no
evening,med,Cricket,2,LatAm,London,no
evening,med,Cricket,2,LatAm,Sheffield,no
evening,med,Cricket,2,LatAm,Bristol,no
evening,med,Cricket,4,US,London,no
evening,med,Cricket,4,US,Sheffield,many
evening,med,Cricket,4,US,Bristol,many
evening,med,Cricket,4,EU,London,no
evening,med,Cricket,4,EU,Sheffield,many
evening,med,Cricket,4,EU,Bristol,many
evening,med,Cricket,4,LatAm,London,no
evening,med,Cricket,4,LatAm,Sheffield,many
evening,med,Cricket,4,LatAm,Bristol,one
evening,med,Cricket,more,US,London,no
evening,med,Cricket,more,US,Sheffield,many
evening,med,Cricket,more,US,Bristol,many
evening,med,Cricket,more,EU,London,no
evening,med,Cricket,more,EU,Sheffield,many
evening,med,Cricket,more,EU,Bristol,one
evening,med,Cricket,more,LatAm,London,no
evening,med,Cricket,more,LatAm,Sheffield,many
evening,med,Cricket,more,LatAm,Bristol,one
evening,med,Sasquatch,2,US,London,no
evening,med,Sasquatch,2,US,Sheffield,no
evening,med,Sasquatch,2,US,Bristol,no
evening,med,Sasquatch,2,EU,London,no
evening,med,Sasquatch,2,EU,Sheffield,no
evening,med,Sasquatch,2,EU,Bristol,no
evening,med,Sasquatch,2,LatAm,London,no
evening,med,Sasquatch,2,LatAm,Sheffield,no
evening,med,Sasquatch,2,LatAm,Bristol,no
evening,med,Sasquatch,4,US,London,no
evening,med,Sasquatch,4,US,Sheffield,many
evening,med,Sasquatch,4,US,Bristol,many
evening,med,Sasquatch,4,EU,London,no
evening,med,Sasquatch,4,EU,Sheffield,many
evening,med,Sasquatch,4,EU,Bristol,one
evening,med,Sasquatch,4,LatAm,London,no
evening,med,Sasquatch,4,LatAm,Sheffield,many
evening,med,Sasquatch,4,LatAm,Bristol,one
evening,med,Sasquatch,more,US,London,no
evening,med,Sasquatch,more,US,Sheffield,many
evening,med,Sasquatch,more,US,Bristol,many
evening,med,Sasquatch,more,EU,London,no
evening,med,Sasquatch,more,EU,Sheffield,many
evening,med,Sasquatch,more,EU,Bristol,one
evening,med,Sasquatch,more,LatAm,London,no
evening,med,Sasquatch,more,LatAm,Sheffield,many
evening,med,Sasquatch,more,LatAm,Bristol,one
evening,med,BigTime,2,US,London,no
evening,med,BigTime,2,US,Sheffield,no
evening,med,BigTime,2,US,Bristol,no
evening,med,BigTime,2,EU,London,no
evening,med,BigTime,2,EU,Sheffield,no
evening,med,BigTime,2,EU,Bristol,no
evening,med,BigTime,2,LatAm,London,no
evening,med,BigTime,2,LatAm,Sheffield,no
evening,med,BigTime,2,LatAm,Bristol,no
evening,med,BigTime,4,US,London,no
evening,med,BigTime,4,US,Sheffield,many
evening,med,BigTime,4,US,Bristol,many
evening,med,BigTime,4,EU,London,no
evening,med,BigTime,4,EU,Sheffield,many
evening,med,BigTime,4,EU,Bristol,one
evening,med,BigTime,4,LatAm,London,no
evening,med,BigTime,4,LatAm,Sheffield,many
evening,med,BigTime,4,LatAm,Bristol,one
evening,med,BigTime,more,US,London,no
evening,med,BigTime,more,US,Sheffield,many
evening,med,BigTime,more,US,Bristol,many
evening,med,BigTime,more,EU,London,no
evening,med,BigTime,more,EU,Sheffield,many
evening,med,BigTime,more,EU,Bristol,one
evening,med,BigTime,more,LatAm,London,no
evening,med,BigTime,more,LatAm,Sheffield,many
evening,med,BigTime,more,LatAm,Bristol,one
evening,low,Pegasus,2,US,London,no
evening,low,Pegasus,2,US,Sheffield,no
evening,low,Pegasus,2,US,Bristol,no
evening,low,Pegasus,2,EU,London,no
evening,low,Pegasus,2,EU,Sheffield,no
evening,low,Pegasus,2,EU,Bristol,no
evening,low,Pegasus,2,LatAm,London,no
evening,low,Pegasus,2,LatAm,Sheffield,no
evening,low,Pegasus,2,LatAm,Bristol,no
evening,low,Pegasus,4,US,London,no
evening,low,Pegasus,4,US,Sheffield,many
evening,low,Pegasus,4,US,Bristol,two
evening,low,Pegasus,4,EU,London,no
evening,low,Pegasus,4,EU,Sheffield,many
evening,low,Pegasus,4,EU,Bristol,two
evening,low,Pegasus,4,LatAm,London,no
evening,low,Pegasus,4,LatAm,Sheffield,two
evening,low,Pegasus,4,LatAm,Bristol,one
evening,low,Pegasus,more,US,London,no
evening,low,Pegasus,more,US,Sheffield,no
evening,low,Pegasus,more,US,Bristol,no
evening,low,Pegasus,more,EU,London,no
evening,low,Pegasus,more,EU,Sheffield,many
evening,low,Pegasus,more,EU,Bristol,two
evening,low,Pegasus,more,LatAm,London,no
evening,low,Pegasus,more,LatAm,Sheffield,two
evening,low,Pegasus,more,LatAm,Bristol,one
evening,low,Cricket,2,US,London,no
evening,low,Cricket,2,US,Sheffield,no
evening,low,Cricket,2,US,Bristol,no
evening,low,Cricket,2,EU,London,no
evening,low,Cricket,2,EU,Sheffield,no
evening,low,Cricket,2,EU,Bristol,no
evening,low,Cricket,2,LatAm,London,no
evening,low,Cricket,2,LatAm,Sheffield,no
evening,low,Cricket,2,LatAm,Bristol,no
evening,low,Cricket,4,US,London,no
evening,low,Cricket,4,US,Sheffield,many
evening,low,Cricket,4,US,Bristol,two
evening,low,Cricket,4,EU,London,no
evening,low,Cricket,4,EU,Sheffield,many
evening,low,Cricket,4,EU,Bristol,two
evening,low,Cricket,4,LatAm,London,no
evening,low,Cricket,4,LatAm,Sheffield,two
evening,low,Cricket,4,LatAm,Bristol,one
evening,low,Cricket,more,US,London,no
evening,low,Cricket,more,US,Sheffield,many
evening,low,Cricket,more,US,Bristol,two
evening,low,Cricket,more,EU,London,no
evening,low,Cricket,more,EU,Sheffield,two
evening,low,Cricket,more,EU,Bristol,one
evening,low,Cricket,more,LatAm,London,no
evening,low,Cricket,more,LatAm,Sheffield,two
evening,low,Cricket,more,LatAm,Bristol,one
evening,low,Sasquatch,2,US,London,no
evening,low,Sasquatch,2,US,Sheffield,no
evening,low,Sasquatch,2,US,Bristol,no
evening,low,Sasquatch,2,EU,London,no
evening,low,Sasquatch,2,EU,Sheffield,no
evening,low,Sasquatch,2,EU,Bristol,no
evening,low,Sasquatch,2,LatAm,London,no
evening,low,Sasquatch,2,LatAm,Sheffield,no
evening,low,Sasquatch,2,LatAm,Bristol,no
evening,low,Sasquatch,4,US,London,no
evening,low,Sasquatch,4,US,Sheffield,many
evening,low,Sasquatch,4,US,Bristol,two
evening,low,Sasquatch,4,EU,London,no
evening,low,Sasquatch,4,EU,Sheffield,two
evening,low,Sasquatch,4,EU,Bristol,one
evening,low,Sasquatch,4,LatAm,London,no
evening,low,Sasquatch,4,LatAm,Sheffield,two
evening,low,Sasquatch,4,LatAm,Bristol,one
evening,low,Sasquatch,more,US,London,no
evening,low,Sasquatch,more,US,Sheffield,many
evening,low,Sasquatch,more,US,Bristol,two
evening,low,Sasquatch,more,EU,London,no
evening,low,Sasquatch,more,EU,Sheffield,two
evening,low,Sasquatch,more,EU,Bristol,one
evening,low,Sasquatch,more,LatAm,London,no
evening,low,Sasquatch,more,LatAm,Sheffield,two
evening,low,Sasquatch,more,LatAm,Bristol,one
evening,low,BigTime,2,US,London,no
evening,low,BigTime,2,US,Sheffield,no
evening,low,BigTime,2,US,Bristol,no
evening,low,BigTime,2,EU,London,no
evening,low,BigTime,2,EU,Sheffield,no
evening,low,BigTime,2,EU,Bristol,no
evening,low,BigTime,2,LatAm,London,no
evening,low,BigTime,2,LatAm,Sheffield,no
evening,low,BigTime,2,LatAm,Bristol,no
evening,low,BigTime,4,US,London,no
evening,low,BigTime,4,US,Sheffield,many
evening,low,BigTime,4,US,Bristol,two
evening,low,BigTime,4,EU,London,no
evening,low,BigTime,4,EU,Sheffield,two
evening,low,BigTime,4,EU,Bristol,one
evening,low,BigTime,4,LatAm,London,no
evening,low,BigTime,4,LatAm,Sheffield,two
evening,low,BigTime,4,LatAm,Bristol,one
evening,low,BigTime,more,US,London,no
evening,low,BigTime,more,US,Sheffield,many
evening,low,BigTime,more,US,Bristol,two
evening,low,BigTime,more,EU,London,no
evening,low,BigTime,more,EU,Sheffield,two
evening,low,BigTime,more,EU,Bristol,one
evening,low,BigTime,more,LatAm,London,no
evening,low,BigTime,more,LatAm,Sheffield,two
evening,low,BigTime,more,LatAm,Bristol,one
weekend,vhigh,Pegasus,2,US,London,no
weekend,vhigh,Pegasus,2,US,Sheffield,no
weekend,vhigh,Pegasus,2,US,Bristol,no
weekend,vhigh,Pegasus,2,EU,London,no
weekend,vhigh,Pegasus,2,EU,Sheffield,no
weekend,vhigh,Pegasus,2,EU,Bristol,no
weekend,vhigh,Pegasus,2,LatAm,London,no
weekend,vhigh,Pegasus,2,LatAm,Sheffield,no
weekend,vhigh,Pegasus,2,LatAm,Bristol,no
weekend,vhigh,Pegasus,4,US,London,no
weekend,vhigh,Pegasus,4,US,Sheffield,no
weekend,vhigh,Pegasus,4,US,Bristol,many
weekend,vhigh,Pegasus,4,EU,London,no
weekend,vhigh,Pegasus,4,EU,Sheffield,no
weekend,vhigh,Pegasus,4,EU,Bristol,many
weekend,vhigh,Pegasus,4,LatAm,London,no
weekend,vhigh,Pegasus,4,LatAm,Sheffield,many
weekend,vhigh,Pegasus,4,LatAm,Bristol,many
weekend,vhigh,Pegasus,more,US,London,no
weekend,vhigh,Pegasus,more,US,Sheffield,no
weekend,vhigh,Pegasus,more,US,Bristol,no
weekend,vhigh,Pegasus,more,EU,London,no
weekend,vhigh,Pegasus,more,EU,Sheffield,no
weekend,vhigh,Pegasus,more,EU,Bristol,many
weekend,vhigh,Pegasus,more,LatAm,London,no
weekend,vhigh,Pegasus,more,LatAm,Sheffield,many
weekend,vhigh,Pegasus,more,LatAm,Bristol,many
weekend,vhigh,Cricket,2,US,London,no
weekend,vhigh,Cricket,2,US,Sheffield,no
weekend,vhigh,Cricket,2,US,Bristol,no
weekend,vhigh,Cricket,2,EU,London,no
weekend,vhigh,Cricket,2,EU,Sheffield,no
weekend,vhigh,Cricket,2,EU,Bristol,no
weekend,vhigh,Cricket,2,LatAm,London,no
weekend,vhigh,Cricket,2,LatAm,Sheffield,no
weekend,vhigh,Cricket,2,LatAm,Bristol,no
weekend,vhigh,Cricket,4,US,London,no
weekend,vhigh,Cricket,4,US,Sheffield,no
weekend,vhigh,Cricket,4,US,Bristol,many
weekend,vhigh,Cricket,4,EU,London,no
weekend,vhigh,Cricket,4,EU,Sheffield,no
weekend,vhigh,Cricket,4,EU,Bristol,many
weekend,vhigh,Cricket,4,LatAm,London,no
weekend,vhigh,Cricket,4,LatAm,Sheffield,many
weekend,vhigh,Cricket,4,LatAm,Bristol,many
weekend,vhigh,Cricket,more,US,London,no
weekend,vhigh,Cricket,more,US,Sheffield,no
weekend,vhigh,Cricket,more,US,Bristol,many
weekend,vhigh,Cricket,more,EU,London,no
weekend,vhigh,Cricket,more,EU,Sheffield,many
weekend,vhigh,Cricket,more,EU,Bristol,many
weekend,vhigh,Cricket,more,LatAm,London,no
weekend,vhigh,Cricket,more,LatAm,Sheffield,many
weekend,vhigh,Cricket,more,LatAm,Bristol,many
weekend,vhigh,Sasquatch,2,US,London,no
weekend,vhigh,Sasquatch,2,US,Sheffield,no
weekend,vhigh,Sasquatch,2,US,Bristol,no
weekend,vhigh,Sasquatch,2,EU,London,no
weekend,vhigh,Sasquatch,2,EU,Sheffield,no
weekend,vhigh,Sasquatch,2,EU,Bristol,no
weekend,vhigh,Sasquatch,2,LatAm,London,no
weekend,vhigh,Sasquatch,2,LatAm,Sheffield,no
weekend,vhigh,Sasquatch,2,LatAm,Bristol,no
weekend,vhigh,Sasquatch,4,US,London,no
weekend,vhigh,Sasquatch,4,US,Sheffield,no
weekend,vhigh,Sasquatch,4,US,Bristol,many
weekend,vhigh,Sasquatch,4,EU,London,no
weekend,vhigh,Sasquatch,4,EU,Sheffield,many
weekend,vhigh,Sasquatch,4,EU,Bristol,many
weekend,vhigh,Sasquatch,4,LatAm,London,no
weekend,vhigh,Sasquatch,4,LatAm,Sheffield,many
weekend,vhigh,Sasquatch,4,LatAm,Bristol,many
weekend,vhigh,Sasquatch,more,US,London,no
weekend,vhigh,Sasquatch,more,US,Sheffield,no
weekend,vhigh,Sasquatch,more,US,Bristol,many
weekend,vhigh,Sasquatch,more,EU,London,no
weekend,vhigh,Sasquatch,more,EU,Sheffield,many
weekend,vhigh,Sasquatch,more,EU,Bristol,many
weekend,vhigh,Sasquatch,more,LatAm,London,no
weekend,vhigh,Sasquatch,more,LatAm,Sheffield,many
weekend,vhigh,Sasquatch,more,LatAm,Bristol,many
weekend,vhigh,BigTime,2,US,London,no
weekend,vhigh,BigTime,2,US,Sheffield,no
weekend,vhigh,BigTime,2,US,Bristol,no
weekend,vhigh,BigTime,2,EU,London,no
weekend,vhigh,BigTime,2,EU,Sheffield,no
weekend,vhigh,BigTime,2,EU,Bristol,no
weekend,vhigh,BigTime,2,LatAm,London,no
weekend,vhigh,BigTime,2,LatAm,Sheffield,no
weekend,vhigh,BigTime,2,LatAm,Bristol,no
weekend,vhigh,BigTime,4,US,London,no
weekend,vhigh,BigTime,4,US,Sheffield,no
weekend,vhigh,BigTime,4,US,Bristol,many
weekend,vhigh,BigTime,4,EU,London,no
weekend,vhigh,BigTime,4,EU,Sheffield,many
weekend,vhigh,BigTime,4,EU,Bristol,many
weekend,vhigh,BigTime,4,LatAm,London,no
weekend,vhigh,BigTime,4,LatAm,Sheffield,many
weekend,vhigh,BigTime,4,LatAm,Bristol,many
weekend,vhigh,BigTime,more,US,London,no
weekend,vhigh,BigTime,more,US,Sheffield,no
weekend,vhigh,BigTime,more,US,Bristol,many
weekend,vhigh,BigTime,more,EU,London,no
weekend,vhigh,BigTime,more,EU,Sheffield,many
weekend,vhigh,BigTime,more,EU,Bristol,many
weekend,vhigh,BigTime,more,LatAm,London,no
weekend,vhigh,BigTime,more,LatAm,Sheffield,many
weekend,vhigh,BigTime,more,LatAm,Bristol,many
weekend,high,Pegasus,2,US,London,no
weekend,high,Pegasus,2,US,Sheffield,no
weekend,high,Pegasus,2,US,Bristol,no
weekend,high,Pegasus,2,EU,London,no
weekend,high,Pegasus,2,EU,Sheffield,no
weekend,high,Pegasus,2,EU,Bristol,no
weekend,high,Pegasus,2,LatAm,London,no
weekend,high,Pegasus,2,LatAm,Sheffield,no
weekend,high,Pegasus,2,LatAm,Bristol,no
weekend,high,Pegasus,4,US,London,no
weekend,high,Pegasus,4,US,Sheffield,many
weekend,high,Pegasus,4,US,Bristol,many
weekend,high,Pegasus,4,EU,London,no
weekend,high,Pegasus,4,EU,Sheffield,many
weekend,high,Pegasus,4,EU,Bristol,many
weekend,high,Pegasus,4,LatAm,London,no
weekend,high,Pegasus,4,LatAm,Sheffield,many
weekend,high,Pegasus,4,LatAm,Bristol,one
weekend,high,Pegasus,more,US,London,no
weekend,high,Pegasus,more,US,Sheffield,no
weekend,high,Pegasus,more,US,Bristol,no
weekend,high,Pegasus,more,EU,London,no
weekend,high,Pegasus,more,EU,Sheffield,many
weekend,high,Pegasus,more,EU,Bristol,many
weekend,high,Pegasus,more,LatAm,London,no
weekend,high,Pegasus,more,LatAm,Sheffield,many
weekend,high,Pegasus,more,LatAm,Bristol,one
weekend,high,Cricket,2,US,London,no
weekend,high,Cricket,2,US,Sheffield,no
weekend,high,Cricket,2,US,Bristol,no
weekend,high,Cricket,2,EU,London,no
weekend,high,Cricket,2,EU,Sheffield,no
weekend,high,Cricket,2,EU,Bristol,no
weekend,high,Cricket,2,LatAm,London,no
weekend,high,Cricket,2,LatAm,Sheffield,no
weekend,high,Cricket,2,LatAm,Bristol,no
weekend,high,Cricket,4,US,London,no
weekend,high,Cricket,4,US,Sheffield,many
weekend,high,Cricket,4,US,Bristol,many
weekend,high,Cricket,4,EU,London,no
weekend,high,Cricket,4,EU,Sheffield,many
weekend,high,Cricket,4,EU,Bristol,many
weekend,high,Cricket,4,LatAm,London,no
weekend,high,Cricket,4,LatAm,Sheffield,many
weekend,high,Cricket,4,LatAm,Bristol,one
weekend,high,Cricket,more,US,London,no
weekend,high,Cricket,more,US,Sheffield,many
weekend,high,Cricket,more,US,Bristol,many
weekend,high,Cricket,more,EU,London,no
weekend,high,Cricket,more,EU,Sheffield,many
weekend,high,Cricket,more,EU,Bristol,one
weekend,high,Cricket,more,LatAm,London,no
weekend,high,Cricket,more,LatAm,Sheffield,many
weekend,high,Cricket,more,LatAm,Bristol,one
weekend,high,Sasquatch,2,US,London,no
weekend,high,Sasquatch,2,US,Sheffield,no
weekend,high,Sasquatch,2,US,Bristol,no
weekend,high,Sasquatch,2,EU,London,no
weekend,high,Sasquatch,2,EU,Sheffield,no
weekend,high,Sasquatch,2,EU,Bristol,no
weekend,high,Sasquatch,2,LatAm,London,no
weekend,high,Sasquatch,2,LatAm,Sheffield,no
weekend,high,Sasquatch,2,LatAm,Bristol,no
weekend,high,Sasquatch,4,US,London,no
weekend,high,Sasquatch,4,US,Sheffield,many
weekend,high,Sasquatch,4,US,Bristol,many
weekend,high,Sasquatch,4,EU,London,no
weekend,high,Sasquatch,4,EU,Sheffield,many
weekend,high,Sasquatch,4,EU,Bristol,one
weekend,high,Sasquatch,4,LatAm,London,no
weekend,high,Sasquatch,4,LatAm,Sheffield,many
weekend,high,Sasquatch,4,LatAm,Bristol,one
weekend,high,Sasquatch,more,US,London,no
weekend,high,Sasquatch,more,US,Sheffield,many
weekend,high,Sasquatch,more,US,Bristol,many
weekend,high,Sasquatch,more,EU,London,no
weekend,high,Sasquatch,more,EU,Sheffield,many
weekend,high,Sasquatch,more,EU,Bristol,one
weekend,high,Sasquatch,more,LatAm,London,no
weekend,high,Sasquatch,more,LatAm,Sheffield,many
weekend,high,Sasquatch,more,LatAm,Bristol,one
weekend,high,BigTime,2,US,London,no
weekend,high,BigTime,2,US,Sheffield,no
weekend,high,BigTime,2,US,Bristol,no
weekend,high,BigTime,2,EU,London,no
weekend,high,BigTime,2,EU,Sheffield,no
weekend,high,BigTime,2,EU,Bristol,no
weekend,high,BigTime,2,LatAm,London,no
weekend,high,BigTime,2,LatAm,Sheffield,no
weekend,high,BigTime,2,LatAm,Bristol,no
weekend,high,BigTime,4,US,London,no
weekend,high,BigTime,4,US,Sheffield,many
weekend,high,BigTime,4,US,Bristol,many
weekend,high,BigTime,4,EU,London,no
weekend,high,BigTime,4,EU,Sheffield,many
weekend,high,BigTime,4,EU,Bristol,one
weekend,high,BigTime,4,LatAm,London,no
weekend,high,BigTime,4,LatAm,Sheffield,many
weekend,high,BigTime,4,LatAm,Bristol,one
weekend,high,BigTime,more,US,London,no
weekend,high,BigTime,more,US,Sheffield,many
weekend,high,BigTime,more,US,Bristol,many
weekend,high,BigTime,more,EU,London,no
weekend,high,BigTime,more,EU,Sheffield,many
weekend,high,BigTime,more,EU,Bristol,one
weekend,high,BigTime,more,LatAm,London,no
weekend,high,BigTime,more,LatAm,Sheffield,many
weekend,high,BigTime,more,LatAm,Bristol,one
weekend,med,Pegasus,2,US,London,no
weekend,med,Pegasus,2,US,Sheffield,no
weekend,med,Pegasus,2,US,Bristol,no
weekend,med,Pegasus,2,EU,London,no
weekend,med,Pegasus,2,EU,Sheffield,no
weekend,med,Pegasus,2,EU,Bristol,no
weekend,med,Pegasus,2,LatAm,London,no
weekend,med,Pegasus,2,LatAm,Sheffield,no
weekend,med,Pegasus,2,LatAm,Bristol,no
weekend,med,Pegasus,4,US,London,no
weekend,med,Pegasus,4,US,Sheffield,many
weekend,med,Pegasus,4,US,Bristol,two
weekend,med,Pegasus,4,EU,London,no
weekend,med,Pegasus,4,EU,Sheffield,many
weekend,med,Pegasus,4,EU,Bristol,two
weekend,med,Pegasus,4,LatAm,London,no
weekend,med,Pegasus,4,LatAm,Sheffield,two
weekend,med,Pegasus,4,LatAm,Bristol,one
weekend,med,Pegasus,more,US,London,no
weekend,med,Pegasus,more,US,Sheffield,no
weekend,med,Pegasus,more,US,Bristol,no
weekend,med,Pegasus,more,EU,London,no
weekend,med,Pegasus,more,EU,Sheffield,many
weekend,med,Pegasus,more,EU,Bristol,two
weekend,med,Pegasus,more,LatAm,London,no
weekend,med,Pegasus,more,LatAm,Sheffield,two
weekend,med,Pegasus,more,LatAm,Bristol,one
weekend,med,Cricket,2,US,London,no
weekend,med,Cricket,2,US,Sheffield,no
weekend,med,Cricket,2,US,Bristol,no
weekend,med,Cricket,2,EU,London,no
weekend,med,Cricket,2,EU,Sheffield,no
weekend,med,Cricket,2,EU,Bristol,no
weekend,med,Cricket,2,LatAm,London,no
weekend,med,Cricket,2,LatAm,Sheffield,no
weekend,med,Cricket,2,LatAm,Bristol,no
weekend,med,Cricket,4,US,London,no
weekend,med,Cricket,4,US,Sheffield,many
weekend,med,Cricket,4,US,Bristol,two
weekend,med,Cricket,4,EU,London,no
weekend,med,Cricket,4,EU,Sheffield,many
weekend,med,Cricket,4,EU,Bristol,two
weekend,med,Cricket,4,LatAm,London,no
weekend,med,Cricket,4,LatAm,Sheffield,two
weekend,med,Cricket,4,LatAm,Bristol,one
weekend,med,Cricket,more,US,London,no
weekend,med,Cricket,more,US,Sheffield,many
weekend,med,Cricket,more,US,Bristol,two
weekend,med,Cricket,more,EU,London,no
weekend,med,Cricket,more,EU,Sheffield,two
weekend,med,Cricket,more,EU,Bristol,one
weekend,med,Cricket,more,LatAm,London,no
weekend,med,Cricket,more,LatAm,Sheffield,two
weekend,med,Cricket,more,LatAm,Bristol,one
weekend,med,Sasquatch,2,US,London,no
weekend,med,Sasquatch,2,US,Sheffield,no
weekend,med,Sasquatch,2,US,Bristol,no
weekend,med,Sasquatch,2,EU,London,no
weekend,med,Sasquatch,2,EU,Sheffield,no
weekend,med,Sasquatch,2,EU,Bristol,no
weekend,med,Sasquatch,2,LatAm,London,no
weekend,med,Sasquatch,2,LatAm,Sheffield,no
weekend,med,Sasquatch,2,LatAm,Bristol,no
weekend,med,Sasquatch,4,US,London,no
weekend,med,Sasquatch,4,US,Sheffield,many
weekend,med,Sasquatch,4,US,Bristol,two
weekend,med,Sasquatch,4,EU,London,no
weekend,med,Sasquatch,4,EU,Sheffield,two
weekend,med,Sasquatch,4,EU,Bristol,one
weekend,med,Sasquatch,4,LatAm,London,no
weekend,med,Sasquatch,4,LatAm,Sheffield,two
weekend,med,Sasquatch,4,LatAm,Bristol,one
weekend,med,Sasquatch,more,US,London,no
weekend,med,Sasquatch,more,US,Sheffield,many
weekend,med,Sasquatch,more,US,Bristol,two
weekend,med,Sasquatch,more,EU,London,no
weekend,med,Sasquatch,more,EU,Sheffield,two
weekend,med,Sasquatch,more,EU,Bristol,one
weekend,med,Sasquatch,more,LatAm,London,no
weekend,med,Sasquatch,more,LatAm,Sheffield,two
weekend,med,Sasquatch,more,LatAm,Bristol,one
weekend,med,BigTime,2,US,London,no
weekend,med,BigTime,2,US,Sheffield,no
weekend,med,BigTime,2,US,Bristol,no
weekend,med,BigTime,2,EU,London,no
weekend,med,BigTime,2,EU,Sheffield,no
weekend,med,BigTime,2,EU,Bristol,no
weekend,med,BigTime,2,LatAm,London,no
weekend,med,BigTime,2,LatAm,Sheffield,no
weekend,med,BigTime,2,LatAm,Bristol,no
weekend,med,BigTime,4,US,London,no
weekend,med,BigTime,4,US,Sheffield,many
weekend,med,BigTime,4,US,Bristol,two
weekend,med,BigTime,4,EU,London,no
weekend,med,BigTime,4,EU,Sheffield,two
weekend,med,BigTime,4,EU,Bristol,one
weekend,med,BigTime,4,LatAm,London,no
weekend,med,BigTime,4,LatAm,Sheffield,two
weekend,med,BigTime,4,LatAm,Bristol,one
weekend,med,BigTime,more,US,London,no
weekend,med,BigTime,more,US,Sheffield,many
weekend,med,BigTime,more,US,Bristol,two
weekend,med,BigTime,more,EU,London,no
weekend,med,BigTime,more,EU,Sheffield,two
weekend,med,BigTime,more,EU,Bristol,one
weekend,med,BigTime,more,LatAm,London,no
weekend,med,BigTime,more,LatAm,Sheffield,two
weekend,med,BigTime,more,LatAm,Bristol,one
weekend,low,Pegasus,2,US,London,no
weekend,low,Pegasus,2,US,Sheffield,no
weekend,low,Pegasus,2,US,Bristol,no
weekend,low,Pegasus,2,EU,London,no
weekend,low,Pegasus,2,EU,Sheffield,no
weekend,low,Pegasus,2,EU,Bristol,no
weekend,low,Pegasus,2,LatAm,London,no
weekend,low,Pegasus,2,LatAm,Sheffield,no
weekend,low,Pegasus,2,LatAm,Bristol,no
weekend,low,Pegasus,4,US,London,no
weekend,low,Pegasus,4,US,Sheffield,many
weekend,low,Pegasus,4,US,Bristol,two
weekend,low,Pegasus,4,EU,London,no
weekend,low,Pegasus,4,EU,Sheffield,many
weekend,low,Pegasus,4,EU,Bristol,two
weekend,low,Pegasus,4,LatAm,London,no
weekend,low,Pegasus,4,LatAm,Sheffield,two
weekend,low,Pegasus,4,LatAm,Bristol,one
weekend,low,Pegasus,more,US,London,no
weekend,low,Pegasus,more,US,Sheffield,no
weekend,low,Pegasus,more,US,Bristol,no
weekend,low,Pegasus,more,EU,London,no
weekend,low,Pegasus,more,EU,Sheffield,many
weekend,low,Pegasus,more,EU,Bristol,two
weekend,low,Pegasus,more,LatAm,London,no
weekend,low,Pegasus,more,LatAm,Sheffield,two
weekend,low,Pegasus,more,LatAm,Bristol,one
weekend,low,Cricket,2,US,London,no
weekend,low,Cricket,2,US,Sheffield,no
weekend,low,Cricket,2,US,Bristol,no
weekend,low,Cricket,2,EU,London,no
weekend,low,Cricket,2,EU,Sheffield,no
weekend,low,Cricket,2,EU,Bristol,no
weekend,low,Cricket,2,LatAm,London,no
weekend,low,Cricket,2,LatAm,Sheffield,no
weekend,low,Cricket,2,LatAm,Bristol,no
weekend,low,Cricket,4,US,London,no
weekend,low,Cricket,4,US,Sheffield,many
weekend,low,Cricket,4,US,Bristol,two
weekend,low,Cricket,4,EU,London,no
weekend,low,Cricket,4,EU,Sheffield,many
weekend,low,Cricket,4,EU,Bristol,two
weekend,low,Cricket,4,LatAm,London,no
weekend,low,Cricket,4,LatAm,Sheffield,two
weekend,low,Cricket,4,LatAm,Bristol,one
weekend,low,Cricket,more,US,London,no
weekend,low,Cricket,more,US,Sheffield,many
weekend,low,Cricket,more,US,Bristol,two
weekend,low,Cricket,more,EU,London,no
weekend,low,Cricket,more,EU,Sheffield,two
weekend,low,Cricket,more,EU,Bristol,one
weekend,low,Cricket,more,LatAm,London,no
weekend,low,Cricket,more,LatAm,Sheffield,two
weekend,low,Cricket,more,LatAm,Bristol,one
weekend,low,Sasquatch,2,US,London,no
weekend,low,Sasquatch,2,US,Sheffield,no
weekend,low,Sasquatch,2,US,Bristol,no
weekend,low,Sasquatch,2,EU,London,no
weekend,low,Sasquatch,2,EU,Sheffield,no
weekend,low,Sasquatch,2,EU,Bristol,no
weekend,low,Sasquatch,2,LatAm,London,no
weekend,low,Sasquatch,2,LatAm,Sheffield,no
weekend,low,Sasquatch,2,LatAm,Bristol,no
weekend,low,Sasquatch,4,US,London,no
weekend,low,Sasquatch,4,US,Sheffield,many
weekend,low,Sasquatch,4,US,Bristol,two
weekend,low,Sasquatch,4,EU,London,no
weekend,low,Sasquatch,4,EU,Sheffield,two
weekend,low,Sasquatch,4,EU,Bristol,one
weekend,low,Sasquatch,4,LatAm,London,no
weekend,low,Sasquatch,4,LatAm,Sheffield,two
weekend,low,Sasquatch,4,LatAm,Bristol,one
weekend,low,Sasquatch,more,US,London,no
weekend,low,Sasquatch,more,US,Sheffield,many
weekend,low,Sasquatch,more,US,Bristol,two
weekend,low,Sasquatch,more,EU,London,no
weekend,low,Sasquatch,more,EU,Sheffield,two
weekend,low,Sasquatch,more,EU,Bristol,one
weekend,low,Sasquatch,more,LatAm,London,no
weekend,low,Sasquatch,more,LatAm,Sheffield,two
weekend,low,Sasquatch,more,LatAm,Bristol,one
weekend,low,BigTime,2,US,London,no
weekend,low,BigTime,2,US,Sheffield,no
weekend,low,BigTime,2,US,Bristol,no
weekend,low,BigTime,2,EU,London,no
weekend,low,BigTime,2,EU,Sheffield,no
weekend,low,BigTime,2,EU,Bristol,no
weekend,low,BigTime,2,LatAm,London,no
weekend,low,BigTime,2,LatAm,Sheffield,no
weekend,low,BigTime,2,LatAm,Bristol,no
weekend,low,BigTime,4,US,London,no
weekend,low,BigTime,4,US,Sheffield,many
weekend,low,BigTime,4,US,Bristol,two
weekend,low,BigTime,4,EU,London,no
weekend,low,BigTime,4,EU,Sheffield,two
weekend,low,BigTime,4,EU,Bristol,one
weekend,low,BigTime,4,LatAm,London,no
weekend,low,BigTime,4,LatAm,Sheffield,two
weekend,low,BigTime,4,LatAm,Bristol,one
weekend,low,BigTime,more,US,London,no
weekend,low,BigTime,more,US,Sheffield,many
weekend,low,BigTime,more,US,Bristol,two
weekend,low,BigTime,more,EU,London,no
weekend,low,BigTime,more,EU,Sheffield,two
weekend,low,BigTime,more,EU,Bristol,one
weekend,low,BigTime,more,LatAm,London,no
weekend,low,BigTime,more,LatAm,Sheffield,two
weekend,low,BigTime,more,LatAm,Bristol,one
